"","SB2","SB3","SB5","SB9","SB11","SB13","SB17","SB21","SB22","SB25","SB29","SB31","SB33","SB35","SB37","SB38","SB40","SB43","SB46","SB48","SB50","SB53"
"Q7Z2Z2",14.6303811924233,11.72018487991,14.0183150071228,12.4217354118199,9.92524635638549,12.1971959215066,11.0509011922879,10.9173642090525,7.73630683824007,14.758258836876,13.5014316118083,7.50149599377417,13.4839859116796,12.1129373346508,12.319646104999,8.33452308211557,11.8552366974038,13.5622633090023,13.3034408589736,11.0028363912213,13.1706601009108,11.2758960520412
"Q8TBP6",9.72092398367545,12.9265889720376,11.4914313653958,12.8224322858397,13.2633361604149,12.0341226864827,11.9457612913893,11.1230971620601,13.2982180308222,12.2030197533602,12.5715394132953,12.9869258840768,10.608528027753,12.0433942316228,12.7177177658527,12.9978599009282,12.3370245769063,12.6672805897633,12.4167344551047,12.7801183565353,9.33630676065791,10.6230429618647
"Q9HCE1",11.9667673720623,9.32834580740752,11.71083812023,11.6573994732753,10.2984184870527,11.073867025455,11.4866865004822,11.9072579885333,11.6479720185791,11.6479720185791,11.6696381853289,8.14326038779455,11.3902357283084,10.8806230769406,10.5766092942026,10.2211515860163,11.5432299064034,11.7664514975766,11.5746652043119,11.2267509664783,12.2198949238489,11.7827670832877
"Q9UK76",12.5087287957372,12.1537003649353,10.9871307377148,11.7582280803237,12.1972681731948,11.003737024898,10.8827918120242,11.1296929871608,11.9434446319897,10.903232499886,10.7356150136274,12.5026743125815,11.225074469553,11.2690938852476,11.8436579799509,12.9725095796698,11.3636389230445,10.452948009667,11.9302935462891,12.5142165707474,9.86887553493632,11.2199300294884
"Q9Y608",13.2954224591158,12.2375777592861,12.9126195088621,12.5554559343748,11.3533675411603,12.6817498691447,12.1195909792729,13.0909563687385,10.5108269505393,12.2783576089692,13.0015512183987,12.3776825881011,12.6390892937633,10.930444730865,12.3846127861265,11.1047450705183,13.1126752521217,12.4173295443727,11.1942450798629,12.2481037193828,12.481263989647,12.0573623636102
"O43854",10.8329447749051,12.2008084744423,9.50826736113399,12.150580655915,12.96484031363,11.6541879386626,11.8948826994155,11.1284504853456,12.673338419746,12.6540914503357,12.3593686784927,12.7113233524568,9.97466022995019,12.1799367271136,10.2986142758958,12.7575521276667,10.1008166252954,11.5903594331001,12.7448097356796,12.8192659633342,12.3937596567607,12.1762303457534
