"","HB1","HB4","HB9","HB10","HB12","HB13","HB16","HB17","HB19","HB20","HB23","HB25","HB26","HB28","HB29","HB31","HB34","HB35","HB39","HB41","HB44","HB51","HB59","HB61","HB63","HB67","HB71","HB75","HB77","HB79"
"hsa_let_7a_5p",17.0169330853251,17.3745161079672,16.9776964808991,17.2232853042263,17.5261336274617,17.5489386893334,17.210820996824,17.2883469554769,16.9410810562104,17.0323914144635,17.0849653692005,16.5617474533482,16.7816476617006,16.9710004973418,16.7551075665025,16.5357246914781,16.8819943424144,17.0090858055796,16.6760539304521,16.705423877489,16.6477306446828,16.9027676036257,16.7926188741642,17.0962073736148,17.1878779575485,16.6595438261357,17.3596537857014,17.0478510359715,16.6798527659643,16.7697924312261
"hsa_let_7i_5p",15.1751723811442,15.596399225467,15.8121510409913,15.415139584193,15.3513464683325,15.6023234725188,15.748418027072,15.5493468169661,15.7394991429997,15.8323513058391,15.481875079552,15.7633362469182,15.7881838148179,15.6709249778474,15.9882394937976,15.7459094933909,15.7865908763554,15.9192003822377,15.4638240922646,15.7220392400503,15.8739564864621,15.6634582800846,16.1114053397256,15.913444284401,15.7172536873286,16.0520734150279,15.87484789869,15.8997802688662,15.6555114737284,15.6849029779861
"hsa_miR_378a_3p",7.79004658562323,3.98320071172249,7.57451873094571,3.98320071172249,8.00494347241053,6.39591908890468,6.82790505699621,7.43172178042124,8.11606777967238,7.36878176147111,7.28001531148924,7.66687167388817,7.54914198668483,7.74709668626333,8.62362121443024,9.27692551617226,8.02751023857258,7.91926440120237,8.68156606670443,8.13917683243387,9.07775988705387,7.32489436595224,8.12384696402862,7.72673218976824,8.0418096569077,8.13636923488996,6.5000337517772,7.69990242546508,7.85090340206439,8.3946972654751
"hsa_piR_020381",8.57290635846515,10.0788594688956,9.28443311669689,9.87095660942423,11.3031898264238,7.64884660710487,9.77742084524625,9.58650225794507,9.91565381678806,9.37744289796686,11.4251806301855,11.0941473839609,11.4477984274924,10.8439628117662,11.4236217215658,10.490422288064,12.2830369085947,9.00100220437803,10.3030221545094,10.1157957591832,11.9161862450498,11.2223760190669,9.98150999388412,10.2650186632342,8.57990693696281,10.2152446963978,7.42813821881878,8.91489371522555,9.95614873192177,11.0902866206398
