"","SB1","SB3","SB4","SB7","SB8","SB11","SB12","SB16","SB20","SB22","SB24","SB28","SB31","SB32","SB35","SB36","SB38","SB39","SB42","SB45","SB48","SB49","SB52"
"hsa_miR_221_3p",10.1213757508311,7.0358316872605,9.83737506916368,9.95706567092045,9.88153896936044,7.0358316872605,9.36263339374512,9.68255905542583,10.1438672578434,9.60742082875222,9.95273503932898,10.0275552697653,7.0358316872605,9.99175016887386,7.0358316872605,10.0502463743263,7.0358316872605,7.0358316872605,7.0358316872605,9.63456638867871,7.0358316872605,9.61865062011073,9.02154923821629
"hsa_miR_320c",9.15542175468786,10.1127609977675,9.41297020334996,10.1694866820152,8.79479497113705,9.36380351926228,9.08558180011212,8.82322643763507,8.54002353803137,7.99209732863918,9.30171998925214,8.56345438953034,9.85851458360145,9.19448436965415,10.8757409212544,9.02741852362624,9.76856993433852,4.58755854458906,7.78479894470678,8.85721588478208,9.28661659410417,8.36751038860968,10.3445731208147
"hsa_piR_022258",10.0030238006897,12.1202679607869,9.23140695701056,11.2120928911769,9.80824703627147,10.5612521177765,9.87765411810354,9.04231152521363,7.96585830279377,8.21801166279718,9.97380224066862,9.19033573281344,11.5566494049504,9.67371109192582,11.2051231326794,11.324950158335,10.4985052068777,13.0976455415249,10.1471395960353,8.76725841398484,11.3033902949588,9.93821753905834,9.67417311618203
