"","SB2","SB3","SB5","SB7","SB9","SB11","SB13","SB17","SB21","SB22","SB25","SB29","SB31","SB33","SB35","SB37","SB38","SB40","SB43","SB46","SB48","SB50","SB53"
"hsa_miR_10b_5p",7.30929335240931,7.30929335240931,7.30929335240931,7.30929335240931,7.30929335240931,10.3949987096846,10.4016346835509,9.17773474339589,10.0450545566128,10.888197783417,9.79329594256552,10.2441290026276,10.8793411335495,7.30929335240931,10.7274995096885,9.85055427695854,10.6913806247596,10.4676734988024,7.30929335240931,9.76309082402297,11.5190700827927,9.19861138547052,11.4139653929088
"hsa_miR_30a_5p",9.70488935705612,5.18269191005786,9.36248962677334,9.87120512643121,9.43661316851816,10.3049390659972,10.2956783351852,8.37237284340756,10.0480684752597,10.4826826948297,9.25694102643019,9.05609667564202,11.0205838881266,8.3334878770856,9.75963127795352,8.86517917106184,10.1149175501841,10.3895601483787,10.2110938480455,9.20189726738481,10.4836044371883,8.47321774418636,10.138387569316
